xx,yy
-0.496808,18.56647
-0.629174,16.972124
-3.306784,17.521894
-5.007938,15.894736
-3.59398,16.268486
-3.007602,15.584842
-1.305486,16.219632
-0.000364,14.75695
1.304784,16.219632
3.0069,15.584842
3.593252,16.268486
5.00721,15.894736
3.306082,17.521894
0.628446,16.972124
0.49608,18.56647
0.22438,17.54844
-0.225082,17.54844
-0.496808,18.56647
